Divisione,Addetti_2019,Localizzazioni_2019,Addetti_2025,Localizzazioni_2025,Var_Addetti,Var_Perc_Addetti,Var_Localizzazioni,Codice_ATECO,Descrizione_ATECO
84,2469,174,16896.0,1278.0,14427.0,584.3256379100851,1104.0,84,AMMINISTRAZIONE PUBBLICA E DIFESA; ASSICURAZIONE SOCIALE OBBLIGATORIA
95,62416,42330,307738.0,142439.0,245322.0,393.043450397334,100109.0,95,RIPARAZIONE DI COMPUTER E DI BENI PER USO PERSONALE E PER LA CASA
75,1055,948,2926.0,1474.0,1871.0,177.34597156398104,526.0,75,SERVIZI VETERINARI
00,22339,16108,54430.0,38602.0,32091.0,143.65459510273513,22494.0,,
